Task,Start,End,Owner
Research & Setup,2025-10-01,2025-10-14,Team
User Requirements Gathering,2025-10-05,2025-10-12,Adrien Grevet
Database Schema Design,2025-10-13,2025-10-20,Hiba Nejjari
Prototype Query Module,2025-10-15,2025-11-05,Iliana Jaunay
Frontend UI Mockups,2025-10-18,2025-11-02,Auriane Marcelino
API Layer Development,2025-10-22,2025-11-07,Tristan Molin
ETL Pipeline Setup,2025-10-25,2025-11-05,Devaraj Ramamoorthy
Logging & Monitoring,2025-11-01,2025-11-08,Hiba Nejjari
Anomaly Detection Logic,2025-11-06,2025-11-26,Auriane Marcelino
Authentication Module,2025-11-10,2025-11-20,Iliana Jaunay
Authorization Module,2025-11-15,2025-11-25,Adrien Grevet
Data Quality Checks,2025-11-18,2025-11-27,Devaraj Ramamoorthy
Integration Testing,2025-11-27,2025-12-05,Team
CI/CD Integration,2025-11-28,2025-12-10,Tristan Molin
Performance Optimization,2025-12-06,2025-12-15,Hiba Nejjari
Security Audit,2025-12-10,2025-12-18,Iliana Jaunay
Reporting & Validation,2025-12-11,2025-12-24,Auriane Marcelino
Stakeholder Review,2025-12-20,2025-12-28,Adrien Grevet
Bug Fix Sprint,2026-01-02,2026-01-10,Tristan Molin
Documentation,2026-01-05,2026-01-12,Devaraj Ramamoorthy
User Training Session,2026-01-08,2026-01-15,Team
Final Delivery,2026-01-13,2026-01-22,All
Post-Go-Live Support,2026-01-20,2026-01-30,Hiba Nejjari
KPI Dashboard Build,2026-01-22,2026-02-02,Iliana Jaunay
Alerting System,2026-01-25,2026-02-05,Auriane Marcelino
Generative AI Pilot,2026-01-27,2026-02-08,Adrien Grevet
Model Fine-Tuning,2026-02-01,2026-02-10,Tristan Molin
CI/CD Enhancement,2026-02-03,2026-02-12,Devaraj Ramamoorthy
Final Audit & Review,2026-02-08,2026-02-15,Team
Project Closure,2026-02-12,2026-02-18,All
